# Script för att skapa NewtonTestTool databas

DROP SCHEMA IF EXISTS FlightBooking;
CREATE SCHEMA FlightBooking CHARACTER SET utf8 COLLATE utf8_general_ci;
GRANT ALL ON FlightBooking.* TO root@localhost IDENTIFIED BY 'root';

USE FlightBooking;

# drop table if exists AirPlane;
# drop table if exists Compamy;
# drop table if exists Destination;
# drop table if exists Flight;
# drop table if exists Passenger;
# drop table if exists Seat;

create table AirPlane (aId bigint not null, name varchar(255) not null, seats integer not null, cId bigint not null, primary key (aId)) ENGINE=InnoDB;
create table Booking (bId bigint not null, fId bigint not null, frId bigint, payment varchar(255) not null, primary key (bId)) ENGINE=InnoDB;
create table Company (cId bigint not null, name varchar(255) not null, primary key (cId)) ENGINE=InnoDB;
create table Destination (dId bigint not null auto_increment, name varchar(255) not null, primary key (dId)) ENGINE=InnoDB;
create table Flight (fId bigint not null, arrival datetime, departure datetime not null, name varchar(255) not null, fromDest varchar(255) not null, toDest varchar(255) not null, aId bigint not null, primary key (fId)) ENGINE=InnoDB;
create table Passenger (pId bigint not null, age integer not null, email varchar(255), fname varchar(255) not null, lname varchar(255) not null, phone varchar(255), bId bigint not null, primary key (pId)) ENGINE=InnoDB;
create table Seat (sId bigint not null, available boolean default true not null, price integer not null, sClass varchar(255) not null, fId bigint not null, tId bigint, primary key (sId)) ENGINE=InnoDB;
create table Ticket (tId bigint not null, sId bigint not null, pId bigint not null, primary key (tId)) ENGINE=InnoDB;
create table SequenceGenerator ( seqName varchar(255),  seqValue integer ) ENGINE=InnoDB;

alter table Destination add constraint UK_4355fgxcietdl3g85oq0o0h07  unique (name);
alter table AirPlane add constraint FK_pgmtlfubtihpy5gdonpliehjq foreign key (cId) references Company (cId);
alter table Flight add constraint FK_shk37quxvuxestcon1tr0mabi foreign key (aId) references AirPlane (aId);
alter table Passenger add constraint FK_rhkg43pis75j4uv9pes0ru5iu foreign key (bId) references Booking (bId);
alter table Seat add constraint FK_p7ny8veutkin2avrk5lpasmn8 foreign key (fId) references Flight (fId);
alter table Seat add constraint FK_p6e8sp4jk2mwroppv4uytejmr foreign key (tId) references Ticket (tId);
alter table Ticket add constraint FK_ghmnad4hgemswfck33u5g5hja foreign key (pId) references Passenger (pId);

# Lägga till dummy data i FlightBooking databas
INSERT INTO `sequencegenerator` (`seqName`, `seqValue`) VALUES ('counter_1', 20001);

INSERT INTO `destination` (`dId`, `name`) VALUES (1, 'Hong Kong');
INSERT INTO `destination` (`dId`, `name`) VALUES (2, 'Tokyo');
INSERT INTO `destination` (`dId`, `name`) VALUES (3, 'Bangkok');
INSERT INTO `destination` (`dId`, `name`) VALUES (4, 'New York');
INSERT INTO `destination` (`dId`, `name`) VALUES (5, 'Rom');
INSERT INTO `destination` (`dId`, `name`) VALUES (6, 'Stockholm');
INSERT INTO `destination` (`dId`, `name`) VALUES (7, 'Frankfurk');
INSERT INTO `destination` (`dId`, `name`) VALUES (8, 'London');
INSERT INTO `destination` (`dId`, `name`) VALUES (9, 'Paris');
INSERT INTO `destination` (`dId`, `name`) VALUES (10, 'Singapore');
INSERT INTO `destination` (`dId`, `name`) VALUES (11, 'Beijing');
INSERT INTO `destination` (`dId`, `name`) VALUES (12, 'Saigon');

INSERT INTO `company` (`cId`, `name`) VALUES (1, 'China Airline');
INSERT INTO `company` (`cId`, `name`) VALUES (2, 'SAS');
INSERT INTO `company` (`cId`, `name`) VALUES (3, 'Singapore Airline');
INSERT INTO `company` (`cId`, `name`) VALUES (4, 'British AirWay');
INSERT INTO `company` (`cId`, `name`) VALUES (5, 'KLM');

INSERT INTO `airplane` (`aId`, `seats`, `name`, `cId`) VALUES (101, 150, 'BOEING 747', 1);
INSERT INTO `airplane` (`aId`, `seats`, `name`, `cId`) VALUES (102, 250, 'AirBus 123', 1);
INSERT INTO `airplane` (`aId`, `seats`, `name`, `cId`) VALUES (103, 150, 'BOEING 747', 2);
INSERT INTO `airplane` (`aId`, `seats`, `name`, `cId`) VALUES (104, 250, 'AirBus 123', 2);
INSERT INTO `airplane` (`aId`, `seats`, `name`, `cId`) VALUES (105, 150, 'BOEING 747', 3);
INSERT INTO `airplane` (`aId`, `seats`, `name`, `cId`) VALUES (106, 250, 'AirBus 123', 3);
INSERT INTO `airplane` (`aId`, `seats`, `name`, `cId`) VALUES (107, 150, 'BOEING 747', 4);
INSERT INTO `airplane` (`aId`, `seats`, `name`, `cId`) VALUES (108, 250, 'AirBus 123', 4);
INSERT INTO `airplane` (`aId`, `seats`, `name`, `cId`) VALUES (109, 150, 'BOEING 747', 5);
INSERT INTO `airplane` (`aId`, `seats`, `name`, `cId`) VALUES (110, 250, 'AirBus 123', 5);

INSERT INTO `flight` (`fId`, `departure`, `arrival`, `name`, `fromDest`, `toDest`, `aId`) VALUES (1001, '2016-06-01 16:45:20', '2016-06-02 07:45:25', 'CHA123', 'Stockholm', 'Hong Kong', 101);
INSERT INTO `flight` (`fId`, `departure`, `arrival`, `name`, `fromDest`, `toDest`, `aId`) VALUES (1002, '2016-06-01 07:05:20', '2016-06-01 23:45:25', 'SAS438', 'Stockholm', 'Hong Kong', 103);
INSERT INTO `flight` (`fId`, `departure`, `arrival`, `name`, `fromDest`, `toDest`, `aId`) VALUES (1003, '2016-06-01 11:05:20', '2016-06-02 02:25:25', 'SGA654', 'Stockholm', 'Hong Kong', 106);
INSERT INTO `flight` (`fId`, `departure`, `arrival`, `name`, `fromDest`, `toDest`, `aId`) VALUES (1004, '2016-06-01 13:05:20', '2016-06-02 04:25:25', 'BRA978', 'Stockholm', 'Hong Kong', 108);
INSERT INTO `flight` (`fId`, `departure`, `arrival`, `name`, `fromDest`, `toDest`, `aId`) VALUES (1005, '2016-06-01 20:05:20', '2016-06-02 12:05:25', 'KLM665', 'Stockholm', 'Hong Kong', 110);
INSERT INTO `flight` (`fId`, `departure`, `arrival`, `name`, `fromDest`, `toDest`, `aId`) VALUES (1006, '2016-07-01 16:45:20', '2016-07-02 07:45:25', 'CHA123', 'Hong Kong', 'Stockholm', 101);
INSERT INTO `flight` (`fId`, `departure`, `arrival`, `name`, `fromDest`, `toDest`, `aId`) VALUES (1007, '2016-07-01 07:05:20', '2016-07-01 23:45:25', 'SAS438', 'Hong Kong', 'Stockholm', 103);
INSERT INTO `flight` (`fId`, `departure`, `arrival`, `name`, `fromDest`, `toDest`, `aId`) VALUES (1008, '2016-07-01 11:05:20', '2016-07-02 02:25:25', 'SGA654', 'Hong Kong', 'Stockholm', 106);
INSERT INTO `flight` (`fId`, `departure`, `arrival`, `name`, `fromDest`, `toDest`, `aId`) VALUES (1009, '2016-07-01 13:05:20', '2016-07-02 04:25:25', 'BRA978', 'Hong Kong', 'Stockholm', 108);
INSERT INTO `flight` (`fId`, `departure`, `arrival`, `name`, `fromDest`, `toDest`, `aId`) VALUES (1010, '2016-07-01 20:05:20', '2016-07-02 12:05:25', 'KLM665', 'Hong Kong', 'Stockholm', 110);

INSERT INTO `flight` (`fId`, `departure`, `arrival`, `name`, `fromDest`, `toDest`, `aId`) VALUES (1011, '2016-06-01 16:45:20', '2016-06-02 07:45:25', 'CHA675', 'Stockholm', 'New York', 101);
INSERT INTO `flight` (`fId`, `departure`, `arrival`, `name`, `fromDest`, `toDest`, `aId`) VALUES (1012, '2016-06-01 07:05:20', '2016-06-01 23:45:25', 'SAS987', 'Stockholm', 'New York', 103);
INSERT INTO `flight` (`fId`, `departure`, `arrival`, `name`, `fromDest`, `toDest`, `aId`) VALUES (1013, '2016-06-01 11:05:20', '2016-06-02 02:25:25', 'SGA432', 'Stockholm', 'New York', 106);
INSERT INTO `flight` (`fId`, `departure`, `arrival`, `name`, `fromDest`, `toDest`, `aId`) VALUES (1014, '2016-06-01 13:05:20', '2016-06-02 04:25:25', 'BRA876', 'Stockholm', 'New York', 108);
INSERT INTO `flight` (`fId`, `departure`, `arrival`, `name`, `fromDest`, `toDest`, `aId`) VALUES (1015, '2016-06-01 20:05:20', '2016-06-02 12:05:25', 'KLM776', 'Stockholm', 'New York', 110);
INSERT INTO `flight` (`fId`, `departure`, `arrival`, `name`, `fromDest`, `toDest`, `aId`) VALUES (1016, '2016-07-01 16:45:20', '2016-07-02 07:45:25', 'CHA872', 'New York', 'Stockholm', 101);
INSERT INTO `flight` (`fId`, `departure`, `arrival`, `name`, `fromDest`, `toDest`, `aId`) VALUES (1017, '2016-07-01 07:05:20', '2016-07-01 23:45:25', 'SAS989', 'New York', 'Stockholm', 103);
INSERT INTO `flight` (`fId`, `departure`, `arrival`, `name`, `fromDest`, `toDest`, `aId`) VALUES (1018, '2016-07-01 11:05:20', '2016-07-02 02:25:25', 'SGA564', 'New York', 'Stockholm', 106);
INSERT INTO `flight` (`fId`, `departure`, `arrival`, `name`, `fromDest`, `toDest`, `aId`) VALUES (1019, '2016-07-01 13:05:20', '2016-07-02 04:25:25', 'BRA211', 'New York', 'Stockholm', 108);
INSERT INTO `flight` (`fId`, `departure`, `arrival`, `name`, `fromDest`, `toDest`, `aId`) VALUES (1020, '2016-07-01 20:05:20', '2016-07-02 12:05:25', 'KLM546', 'New York', 'Stockholm', 110);

INSERT INTO `flight` (`fId`, `departure`, `arrival`, `name`, `fromDest`, `toDest`, `aId`) VALUES (1021, '2016-06-02 16:45:20', '2016-06-03 07:45:25', 'CHA223', 'Stockholm', 'Beijing', 102);
INSERT INTO `flight` (`fId`, `departure`, `arrival`, `name`, `fromDest`, `toDest`, `aId`) VALUES (1022, '2016-06-02 07:05:20', '2016-06-02 23:45:25', 'SAS458', 'Stockholm', 'Beijing', 104);
INSERT INTO `flight` (`fId`, `departure`, `arrival`, `name`, `fromDest`, `toDest`, `aId`) VALUES (1023, '2016-06-02 11:05:20', '2016-06-03 02:25:25', 'SGA754', 'Stockholm', 'Beijing', 105);
INSERT INTO `flight` (`fId`, `departure`, `arrival`, `name`, `fromDest`, `toDest`, `aId`) VALUES (1024, '2016-06-02 13:05:20', '2016-06-03 04:25:25', 'BRA378', 'Stockholm', 'Beijing', 107);
INSERT INTO `flight` (`fId`, `departure`, `arrival`, `name`, `fromDest`, `toDest`, `aId`) VALUES (1025, '2016-06-02 20:05:20', '2016-06-03 12:05:25', 'KLM265', 'Stockholm', 'Beijing', 109);
INSERT INTO `flight` (`fId`, `departure`, `arrival`, `name`, `fromDest`, `toDest`, `aId`) VALUES (1026, '2016-06-02 16:45:20', '2016-06-03 07:45:25', 'CHA523', 'Stockholm', 'Beijing', 101);
INSERT INTO `flight` (`fId`, `departure`, `arrival`, `name`, `fromDest`, `toDest`, `aId`) VALUES (1027, '2016-06-02 07:05:20', '2016-06-02 23:45:25', 'SAS258', 'Stockholm', 'Beijing', 103);
INSERT INTO `flight` (`fId`, `departure`, `arrival`, `name`, `fromDest`, `toDest`, `aId`) VALUES (1028, '2016-06-02 11:05:20', '2016-06-03 02:25:25', 'SGA154', 'Stockholm', 'Beijing', 106);
INSERT INTO `flight` (`fId`, `departure`, `arrival`, `name`, `fromDest`, `toDest`, `aId`) VALUES (1029, '2016-06-02 13:05:20', '2016-06-03 04:25:25', 'BRA278', 'Stockholm', 'Beijing', 108);
INSERT INTO `flight` (`fId`, `departure`, `arrival`, `name`, `fromDest`, `toDest`, `aId`) VALUES (1030, '2016-06-02 20:05:20', '2016-06-03 12:05:25', 'KLM465', 'Stockholm', 'Beijing', 110);

INSERT INTO `flight` (`fId`, `departure`, `arrival`, `name`, `fromDest`, `toDest`, `aId`) VALUES (1031, '2016-07-02 16:45:20', '2016-07-03 07:45:25', 'CHA223', 'Beijing', 'Stockholm', 102);
INSERT INTO `flight` (`fId`, `departure`, `arrival`, `name`, `fromDest`, `toDest`, `aId`) VALUES (1032, '2016-07-02 07:05:20', '2016-07-02 23:45:25', 'SAS458', 'Beijing', 'Stockholm', 104);
INSERT INTO `flight` (`fId`, `departure`, `arrival`, `name`, `fromDest`, `toDest`, `aId`) VALUES (1033, '2016-07-02 11:05:20', '2016-07-03 02:25:25', 'SGA754', 'Beijing', 'Stockholm', 105);
INSERT INTO `flight` (`fId`, `departure`, `arrival`, `name`, `fromDest`, `toDest`, `aId`) VALUES (1034, '2016-07-02 13:05:20', '2016-07-03 04:25:25', 'BRA378', 'Beijing', 'Stockholm', 107);
INSERT INTO `flight` (`fId`, `departure`, `arrival`, `name`, `fromDest`, `toDest`, `aId`) VALUES (1035, '2016-07-02 20:05:20', '2016-07-03 12:05:25', 'KLM265', 'Beijing', 'Stockholm', 109);
INSERT INTO `flight` (`fId`, `departure`, `arrival`, `name`, `fromDest`, `toDest`, `aId`) VALUES (1036, '2016-07-02 16:45:20', '2016-07-03 07:45:25', 'CHA523', 'Beijing', 'Stockholm', 101);
INSERT INTO `flight` (`fId`, `departure`, `arrival`, `name`, `fromDest`, `toDest`, `aId`) VALUES (1037, '2016-07-02 07:05:20', '2016-07-02 23:45:25', 'SAS258', 'Beijing', 'Stockholm', 103);
INSERT INTO `flight` (`fId`, `departure`, `arrival`, `name`, `fromDest`, `toDest`, `aId`) VALUES (1038, '2016-07-02 11:05:20', '2016-07-03 02:25:25', 'SGA154', 'Beijing', 'Stockholm', 106);
INSERT INTO `flight` (`fId`, `departure`, `arrival`, `name`, `fromDest`, `toDest`, `aId`) VALUES (1039, '2016-07-02 13:05:20', '2016-07-03 04:25:25', 'BRA278', 'Beijing', 'Stockholm', 108);
INSERT INTO `flight` (`fId`, `departure`, `arrival`, `name`, `fromDest`, `toDest`, `aId`) VALUES (1040, '2016-07-02 20:05:20', '2016-07-03 12:05:25', 'KLM465', 'Beijing', 'Stockholm', 110);

INSERT INTO `seat` (`sId`, `available`, `price`, `sClass`, `fId`) VALUES (10001, 1, 3850, 'Ekonomi', 1001);
INSERT INTO `seat` (`sId`, `available`, `price`, `sClass`, `fId`) VALUES (10002, 1, 4450, 'Business', 1001);
INSERT INTO `seat` (`sId`, `available`, `price`, `sClass`, `fId`) VALUES (10003, 1, 3850, 'Ekonomi', 1001);
INSERT INTO `seat` (`sId`, `available`, `price`, `sClass`, `fId`) VALUES (10004, 1, 4450, 'Business', 1001);
INSERT INTO `seat` (`sId`, `available`, `price`, `sClass`, `fId`) VALUES (10005, 1, 3850, 'Ekonomi', 1001);
INSERT INTO `seat` (`sId`, `available`, `price`, `sClass`, `fId`) VALUES (10006, 1, 4450, 'Business', 1001);
INSERT INTO `seat` (`sId`, `available`, `price`, `sClass`, `fId`) VALUES (10007, 1, 3850, 'Ekonomi', 1001);
INSERT INTO `seat` (`sId`, `available`, `price`, `sClass`, `fId`) VALUES (10008, 1, 4450, 'Business', 1001);
INSERT INTO `seat` (`sId`, `available`, `price`, `sClass`, `fId`) VALUES (10009, 1, 3850, 'Ekonomi', 1001);


INSERT INTO `seat` (`sId`, `available`, `price`, `sClass`, `fId`) VALUES (10010, 1, 4450, 'Business', 1001);
INSERT INTO `seat` (`sId`, `available`, `price`, `sClass`, `fId`) VALUES (10011, 1, 4550, 'Ekonomi', 1002);
# INSERT INTO `seat` (`sId`, `available`, `price`, `sClass`, `fId`) VALUES (10012, 1, 5250, 'Business', 1002);
INSERT INTO `seat` (`sId`, `available`, `price`, `sClass`, `fId`) VALUES (10013, 1, 4550, 'Ekonomi', 1002);
# INSERT INTO `seat` (`sId`, `available`, `price`, `sClass`, `fId`) VALUES (10014, 1, 5250, 'Business', 1002);
INSERT INTO `seat` (`sId`, `available`, `price`, `sClass`, `fId`) VALUES (10015, 1, 4550, 'Ekonomi', 1002);
# INSERT INTO `seat` (`sId`, `available`, `price`, `sClass`, `fId`) VALUES (10016, 1, 5250, 'Business', 1002);
INSERT INTO `seat` (`sId`, `available`, `price`, `sClass`, `fId`) VALUES (10017, 1, 4550, 'Ekonomi', 1002);
# INSERT INTO `seat` (`sId`, `available`, `price`, `sClass`, `fId`) VALUES (10018, 1, 5250, 'Business', 1002);
INSERT INTO `seat` (`sId`, `available`, `price`, `sClass`, `fId`) VALUES (10019, 1, 4550, 'Ekonomi', 1002);
# INSERT INTO `seat` (`sId`, `available`, `price`, `sClass`, `fId`) VALUES (10020, 1, 5250, 'Business', 1002);
INSERT INTO `seat` (`sId`, `available`, `price`, `sClass`, `fId`) VALUES (10021, 1, 4050, 'Ekonomi', 1003);
INSERT INTO `seat` (`sId`, `available`, `price`, `sClass`, `fId`) VALUES (10022, 1, 4450, 'Business', 1003);
INSERT INTO `seat` (`sId`, `available`, `price`, `sClass`, `fId`) VALUES (10023, 1, 4050, 'Ekonomi', 1003);
INSERT INTO `seat` (`sId`, `available`, `price`, `sClass`, `fId`) VALUES (10024, 1, 4450, 'Business', 1003);
INSERT INTO `seat` (`sId`, `available`, `price`, `sClass`, `fId`) VALUES (10025, 1, 4050, 'Ekonomi', 1003);
INSERT INTO `seat` (`sId`, `available`, `price`, `sClass`, `fId`) VALUES (10026, 1, 4450, 'Business', 1003);
INSERT INTO `seat` (`sId`, `available`, `price`, `sClass`, `fId`) VALUES (10027, 1, 4050, 'Ekonomi', 1003);
INSERT INTO `seat` (`sId`, `available`, `price`, `sClass`, `fId`) VALUES (10028, 1, 4450, 'Business', 1003);
INSERT INTO `seat` (`sId`, `available`, `price`, `sClass`, `fId`) VALUES (10029, 1, 4050, 'Ekonomi', 1003);
INSERT INTO `seat` (`sId`, `available`, `price`, `sClass`, `fId`) VALUES (10030, 1, 4450, 'Business', 1003);
INSERT INTO `seat` (`sId`, `available`, `price`, `sClass`, `fId`) VALUES (10031, 1, 4100, 'Ekonomi', 1004);
INSERT INTO `seat` (`sId`, `available`, `price`, `sClass`, `fId`) VALUES (10032, 1, 4600, 'Business', 1004);
INSERT INTO `seat` (`sId`, `available`, `price`, `sClass`, `fId`) VALUES (10033, 1, 4100, 'Ekonomi', 1004);
INSERT INTO `seat` (`sId`, `available`, `price`, `sClass`, `fId`) VALUES (10034, 1, 4600, 'Business', 1004);
INSERT INTO `seat` (`sId`, `available`, `price`, `sClass`, `fId`) VALUES (10035, 1, 4100, 'Ekonomi', 1004);
INSERT INTO `seat` (`sId`, `available`, `price`, `sClass`, `fId`) VALUES (10036, 1, 4600, 'Business', 1004);
INSERT INTO `seat` (`sId`, `available`, `price`, `sClass`, `fId`) VALUES (10037, 1, 4100, 'Ekonomi', 1004);
INSERT INTO `seat` (`sId`, `available`, `price`, `sClass`, `fId`) VALUES (10038, 1, 4600, 'Business', 1004);
INSERT INTO `seat` (`sId`, `available`, `price`, `sClass`, `fId`) VALUES (10039, 1, 4100, 'Ekonomi', 1004);
INSERT INTO `seat` (`sId`, `available`, `price`, `sClass`, `fId`) VALUES (10040, 1, 4600, 'Business', 1004);
INSERT INTO `seat` (`sId`, `available`, `price`, `sClass`, `fId`) VALUES (10051, 1, 4300, 'Ekonomi', 1005);
INSERT INTO `seat` (`sId`, `available`, `price`, `sClass`, `fId`) VALUES (10052, 1, 4900, 'Business', 1005);
INSERT INTO `seat` (`sId`, `available`, `price`, `sClass`, `fId`) VALUES (10053, 1, 4300, 'Ekonomi', 1005);
INSERT INTO `seat` (`sId`, `available`, `price`, `sClass`, `fId`) VALUES (10054, 1, 4900, 'Business', 1005);
INSERT INTO `seat` (`sId`, `available`, `price`, `sClass`, `fId`) VALUES (10055, 1, 4300, 'Ekonomi', 1005);
INSERT INTO `seat` (`sId`, `available`, `price`, `sClass`, `fId`) VALUES (10056, 1, 4900, 'Business', 1005);
INSERT INTO `seat` (`sId`, `available`, `price`, `sClass`, `fId`) VALUES (10057, 1, 4300, 'Ekonomi', 1005);
INSERT INTO `seat` (`sId`, `available`, `price`, `sClass`, `fId`) VALUES (10058, 1, 4900, 'Business', 1005);
INSERT INTO `seat` (`sId`, `available`, `price`, `sClass`, `fId`) VALUES (10059, 1, 4300, 'Ekonomi', 1005);
INSERT INTO `seat` (`sId`, `available`, `price`, `sClass`, `fId`) VALUES (10060, 1, 4900, 'Business', 1005);
INSERT INTO `seat` (`sId`, `available`, `price`, `sClass`, `fId`) VALUES (10061, 1, 3800, 'Ekonomi', 1006);
INSERT INTO `seat` (`sId`, `available`, `price`, `sClass`, `fId`) VALUES (10062, 1, 4100, 'Business', 1006);
INSERT INTO `seat` (`sId`, `available`, `price`, `sClass`, `fId`) VALUES (10063, 1, 3800, 'Ekonomi', 1006);
INSERT INTO `seat` (`sId`, `available`, `price`, `sClass`, `fId`) VALUES (10064, 1, 4100, 'Business', 1006);
INSERT INTO `seat` (`sId`, `available`, `price`, `sClass`, `fId`) VALUES (10065, 1, 3800, 'Ekonomi', 1006);
INSERT INTO `seat` (`sId`, `available`, `price`, `sClass`, `fId`) VALUES (10066, 1, 4100, 'Business', 1006);
INSERT INTO `seat` (`sId`, `available`, `price`, `sClass`, `fId`) VALUES (10067, 1, 3800, 'Ekonomi', 1006);
INSERT INTO `seat` (`sId`, `available`, `price`, `sClass`, `fId`) VALUES (10068, 1, 4100, 'Business', 1006);
INSERT INTO `seat` (`sId`, `available`, `price`, `sClass`, `fId`) VALUES (10069, 1, 3800, 'Ekonomi', 1006);
INSERT INTO `seat` (`sId`, `available`, `price`, `sClass`, `fId`) VALUES (10070, 1, 4100, 'Business', 1006);
INSERT INTO `seat` (`sId`, `available`, `price`, `sClass`, `fId`) VALUES (10071, 1, 4800, 'Ekonomi', 1007);
INSERT INTO `seat` (`sId`, `available`, `price`, `sClass`, `fId`) VALUES (10072, 1, 5300, 'Business', 1007);
INSERT INTO `seat` (`sId`, `available`, `price`, `sClass`, `fId`) VALUES (10073, 1, 4800, 'Ekonomi', 1007);
INSERT INTO `seat` (`sId`, `available`, `price`, `sClass`, `fId`) VALUES (10074, 1, 5300, 'Business', 1007);
INSERT INTO `seat` (`sId`, `available`, `price`, `sClass`, `fId`) VALUES (10075, 1, 4800, 'Ekonomi', 1007);
INSERT INTO `seat` (`sId`, `available`, `price`, `sClass`, `fId`) VALUES (10076, 1, 5300, 'Business', 1007);
INSERT INTO `seat` (`sId`, `available`, `price`, `sClass`, `fId`) VALUES (10077, 1, 4800, 'Ekonomi', 1007);
INSERT INTO `seat` (`sId`, `available`, `price`, `sClass`, `fId`) VALUES (10078, 1, 5300, 'Business', 1007);
INSERT INTO `seat` (`sId`, `available`, `price`, `sClass`, `fId`) VALUES (10079, 1, 4800, 'Ekonomi', 1007);
INSERT INTO `seat` (`sId`, `available`, `price`, `sClass`, `fId`) VALUES (10080, 1, 5300, 'Business', 1007);
INSERT INTO `seat` (`sId`, `available`, `price`, `sClass`, `fId`) VALUES (10081, 1, 4500, 'Ekonomi', 1008);
INSERT INTO `seat` (`sId`, `available`, `price`, `sClass`, `fId`) VALUES (10082, 1, 5050, 'Business', 1008);
INSERT INTO `seat` (`sId`, `available`, `price`, `sClass`, `fId`) VALUES (10083, 1, 4500, 'Ekonomi', 1008);
INSERT INTO `seat` (`sId`, `available`, `price`, `sClass`, `fId`) VALUES (10084, 1, 5050, 'Business', 1008);
INSERT INTO `seat` (`sId`, `available`, `price`, `sClass`, `fId`) VALUES (10085, 1, 4500, 'Ekonomi', 1008);
INSERT INTO `seat` (`sId`, `available`, `price`, `sClass`, `fId`) VALUES (10086, 1, 5050, 'Business', 1008);
INSERT INTO `seat` (`sId`, `available`, `price`, `sClass`, `fId`) VALUES (10087, 1, 4500, 'Ekonomi', 1008);
INSERT INTO `seat` (`sId`, `available`, `price`, `sClass`, `fId`) VALUES (10088, 1, 5050, 'Business', 1008);
INSERT INTO `seat` (`sId`, `available`, `price`, `sClass`, `fId`) VALUES (10089, 1, 4500, 'Ekonomi', 1008);
INSERT INTO `seat` (`sId`, `available`, `price`, `sClass`, `fId`) VALUES (10090, 1, 5050, 'Business', 1008);
INSERT INTO `seat` (`sId`, `available`, `price`, `sClass`, `fId`) VALUES (10091, 1, 4450, 'Ekonomi', 1009);
INSERT INTO `seat` (`sId`, `available`, `price`, `sClass`, `fId`) VALUES (10092, 1, 5150, 'Business', 1009);
INSERT INTO `seat` (`sId`, `available`, `price`, `sClass`, `fId`) VALUES (10093, 1, 4450, 'Ekonomi', 1009);
INSERT INTO `seat` (`sId`, `available`, `price`, `sClass`, `fId`) VALUES (10094, 1, 5150, 'Business', 1009);
INSERT INTO `seat` (`sId`, `available`, `price`, `sClass`, `fId`) VALUES (10095, 1, 4450, 'Ekonomi', 1009);
INSERT INTO `seat` (`sId`, `available`, `price`, `sClass`, `fId`) VALUES (10096, 1, 5150, 'Business', 1009);
INSERT INTO `seat` (`sId`, `available`, `price`, `sClass`, `fId`) VALUES (10097, 1, 4450, 'Ekonomi', 1009);
INSERT INTO `seat` (`sId`, `available`, `price`, `sClass`, `fId`) VALUES (10098, 1, 5150, 'Business', 1009);
INSERT INTO `seat` (`sId`, `available`, `price`, `sClass`, `fId`) VALUES (10099, 1, 4450, 'Ekonomi', 1009);
INSERT INTO `seat` (`sId`, `available`, `price`, `sClass`, `fId`) VALUES (10110, 1, 5150, 'Business', 1009);
INSERT INTO `seat` (`sId`, `available`, `price`, `sClass`, `fId`) VALUES (10111, 1, 4299, 'Ekonomi', 1010);
INSERT INTO `seat` (`sId`, `available`, `price`, `sClass`, `fId`) VALUES (10112, 1, 4750, 'Business', 1010);
INSERT INTO `seat` (`sId`, `available`, `price`, `sClass`, `fId`) VALUES (10113, 1, 4299, 'Ekonomi', 1010);
INSERT INTO `seat` (`sId`, `available`, `price`, `sClass`, `fId`) VALUES (10114, 1, 4750, 'Business', 1010);
INSERT INTO `seat` (`sId`, `available`, `price`, `sClass`, `fId`) VALUES (10115, 1, 4299, 'Ekonomi', 1010);
INSERT INTO `seat` (`sId`, `available`, `price`, `sClass`, `fId`) VALUES (10116, 1, 4750, 'Business', 1010);
INSERT INTO `seat` (`sId`, `available`, `price`, `sClass`, `fId`) VALUES (10117, 1, 4299, 'Ekonomi', 1010);
INSERT INTO `seat` (`sId`, `available`, `price`, `sClass`, `fId`) VALUES (10118, 1, 4750, 'Business', 1010);
INSERT INTO `seat` (`sId`, `available`, `price`, `sClass`, `fId`) VALUES (10119, 1, 4299, 'Ekonomi', 1010);
INSERT INTO `seat` (`sId`, `available`, `price`, `sClass`, `fId`) VALUES (10120, 1, 4750, 'Business', 1010);
INSERT INTO `seat` (`sId`, `available`, `price`, `sClass`, `fId`) VALUES (10121, 1, 3850, 'Ekonomi', 1011);
INSERT INTO `seat` (`sId`, `available`, `price`, `sClass`, `fId`) VALUES (10122, 1, 4250, 'Business', 1011);
INSERT INTO `seat` (`sId`, `available`, `price`, `sClass`, `fId`) VALUES (10123, 1, 3850, 'Ekonomi', 1011);
INSERT INTO `seat` (`sId`, `available`, `price`, `sClass`, `fId`) VALUES (10124, 1, 4250, 'Business', 1011);
INSERT INTO `seat` (`sId`, `available`, `price`, `sClass`, `fId`) VALUES (10125, 1, 3850, 'Ekonomi', 1011);
INSERT INTO `seat` (`sId`, `available`, `price`, `sClass`, `fId`) VALUES (10126, 1, 4250, 'Business', 1011);
INSERT INTO `seat` (`sId`, `available`, `price`, `sClass`, `fId`) VALUES (10127, 1, 3800, 'Ekonomi', 1011);
INSERT INTO `seat` (`sId`, `available`, `price`, `sClass`, `fId`) VALUES (10128, 1, 4250, 'Business', 1011);
INSERT INTO `seat` (`sId`, `available`, `price`, `sClass`, `fId`) VALUES (10129, 1, 3800, 'Ekonomi', 1011);
INSERT INTO `seat` (`sId`, `available`, `price`, `sClass`, `fId`) VALUES (10130, 1, 4250, 'Business', 1011);
INSERT INTO `seat` (`sId`, `available`, `price`, `sClass`, `fId`) VALUES (10131, 1, 4099, 'Ekonomi', 1012);
INSERT INTO `seat` (`sId`, `available`, `price`, `sClass`, `fId`) VALUES (10132, 1, 4499, 'Business', 1012);
INSERT INTO `seat` (`sId`, `available`, `price`, `sClass`, `fId`) VALUES (10133, 1, 4099, 'Ekonomi', 1012);
INSERT INTO `seat` (`sId`, `available`, `price`, `sClass`, `fId`) VALUES (10134, 1, 4499, 'Business', 1012);
INSERT INTO `seat` (`sId`, `available`, `price`, `sClass`, `fId`) VALUES (10135, 1, 4099, 'Ekonomi', 1012);
INSERT INTO `seat` (`sId`, `available`, `price`, `sClass`, `fId`) VALUES (10136, 1, 4499, 'Business', 1012);
INSERT INTO `seat` (`sId`, `available`, `price`, `sClass`, `fId`) VALUES (10137, 1, 4099, 'Ekonomi', 1012);
INSERT INTO `seat` (`sId`, `available`, `price`, `sClass`, `fId`) VALUES (10138, 1, 4499, 'Business', 1012);
INSERT INTO `seat` (`sId`, `available`, `price`, `sClass`, `fId`) VALUES (10139, 1, 4099, 'Ekonomi', 1012);
INSERT INTO `seat` (`sId`, `available`, `price`, `sClass`, `fId`) VALUES (10140, 1, 4499, 'Business', 1012);
INSERT INTO `seat` (`sId`, `available`, `price`, `sClass`, `fId`) VALUES (10141, 1, 4800, 'Ekonomi', 1013);
INSERT INTO `seat` (`sId`, `available`, `price`, `sClass`, `fId`) VALUES (10142, 1, 5150, 'Business', 1013);
INSERT INTO `seat` (`sId`, `available`, `price`, `sClass`, `fId`) VALUES (10143, 1, 4800, 'Ekonomi', 1013);
INSERT INTO `seat` (`sId`, `available`, `price`, `sClass`, `fId`) VALUES (10144, 1, 5150, 'Business', 1013);
INSERT INTO `seat` (`sId`, `available`, `price`, `sClass`, `fId`) VALUES (10145, 1, 4800, 'Ekonomi', 1013);
INSERT INTO `seat` (`sId`, `available`, `price`, `sClass`, `fId`) VALUES (10146, 1, 5150, 'Business', 1013);
INSERT INTO `seat` (`sId`, `available`, `price`, `sClass`, `fId`) VALUES (10147, 1, 4800, 'Ekonomi', 1013);
INSERT INTO `seat` (`sId`, `available`, `price`, `sClass`, `fId`) VALUES (10148, 1, 5150, 'Business', 1013);
INSERT INTO `seat` (`sId`, `available`, `price`, `sClass`, `fId`) VALUES (10149, 1, 4800, 'Ekonomi', 1013);
INSERT INTO `seat` (`sId`, `available`, `price`, `sClass`, `fId`) VALUES (10150, 1, 5150, 'Business', 1013);
INSERT INTO `seat` (`sId`, `available`, `price`, `sClass`, `fId`) VALUES (10151, 1, 3850, 'Ekonomi', 1014);
INSERT INTO `seat` (`sId`, `available`, `price`, `sClass`, `fId`) VALUES (10152, 1, 4150, 'Business', 1014);
INSERT INTO `seat` (`sId`, `available`, `price`, `sClass`, `fId`) VALUES (10153, 1, 3850, 'Ekonomi', 1014);
INSERT INTO `seat` (`sId`, `available`, `price`, `sClass`, `fId`) VALUES (10154, 1, 4150, 'Business', 1014);
INSERT INTO `seat` (`sId`, `available`, `price`, `sClass`, `fId`) VALUES (10155, 1, 3850, 'Ekonomi', 1014);
INSERT INTO `seat` (`sId`, `available`, `price`, `sClass`, `fId`) VALUES (10156, 1, 4150, 'Business', 1014);
INSERT INTO `seat` (`sId`, `available`, `price`, `sClass`, `fId`) VALUES (10157, 1, 3800, 'Ekonomi', 1014);
INSERT INTO `seat` (`sId`, `available`, `price`, `sClass`, `fId`) VALUES (10158, 1, 4150, 'Business', 1014);
INSERT INTO `seat` (`sId`, `available`, `price`, `sClass`, `fId`) VALUES (10159, 1, 3800, 'Ekonomi', 1014);
INSERT INTO `seat` (`sId`, `available`, `price`, `sClass`, `fId`) VALUES (10160, 1, 4150, 'Business', 1014);
INSERT INTO `seat` (`sId`, `available`, `price`, `sClass`, `fId`) VALUES (10161, 1, 4625, 'Ekonomi', 1015);
INSERT INTO `seat` (`sId`, `available`, `price`, `sClass`, `fId`) VALUES (10162, 1, 5150, 'Business', 1015);
INSERT INTO `seat` (`sId`, `available`, `price`, `sClass`, `fId`) VALUES (10163, 1, 4625, 'Ekonomi', 1015);
INSERT INTO `seat` (`sId`, `available`, `price`, `sClass`, `fId`) VALUES (10164, 1, 5550, 'Business', 1015);
INSERT INTO `seat` (`sId`, `available`, `price`, `sClass`, `fId`) VALUES (10165, 1, 4625, 'Ekonomi', 1015);
INSERT INTO `seat` (`sId`, `available`, `price`, `sClass`, `fId`) VALUES (10166, 1, 5150, 'Business', 1015);
INSERT INTO `seat` (`sId`, `available`, `price`, `sClass`, `fId`) VALUES (10167, 1, 4625, 'Ekonomi', 1015);
INSERT INTO `seat` (`sId`, `available`, `price`, `sClass`, `fId`) VALUES (10168, 1, 5150, 'Business', 1015);
INSERT INTO `seat` (`sId`, `available`, `price`, `sClass`, `fId`) VALUES (10169, 1, 4625, 'Ekonomi', 1015);
INSERT INTO `seat` (`sId`, `available`, `price`, `sClass`, `fId`) VALUES (10170, 1, 5150, 'Business', 1015);
INSERT INTO `seat` (`sId`, `available`, `price`, `sClass`, `fId`) VALUES (10171, 1, 3350, 'Ekonomi', 1016);
INSERT INTO `seat` (`sId`, `available`, `price`, `sClass`, `fId`) VALUES (10172, 1, 4150, 'Business', 1016);
INSERT INTO `seat` (`sId`, `available`, `price`, `sClass`, `fId`) VALUES (10173, 1, 3350, 'Ekonomi', 1016);
INSERT INTO `seat` (`sId`, `available`, `price`, `sClass`, `fId`) VALUES (10174, 1, 4150, 'Business', 1016);
INSERT INTO `seat` (`sId`, `available`, `price`, `sClass`, `fId`) VALUES (10175, 1, 3350, 'Ekonomi', 1016);
INSERT INTO `seat` (`sId`, `available`, `price`, `sClass`, `fId`) VALUES (10176, 1, 4150, 'Business', 1016);
INSERT INTO `seat` (`sId`, `available`, `price`, `sClass`, `fId`) VALUES (10177, 1, 3350, 'Ekonomi', 1016);
INSERT INTO `seat` (`sId`, `available`, `price`, `sClass`, `fId`) VALUES (10178, 1, 4150, 'Business', 1016);
INSERT INTO `seat` (`sId`, `available`, `price`, `sClass`, `fId`) VALUES (10179, 1, 3350, 'Ekonomi', 1016);
INSERT INTO `seat` (`sId`, `available`, `price`, `sClass`, `fId`) VALUES (10180, 1, 4150, 'Business', 1016);
INSERT INTO `seat` (`sId`, `available`, `price`, `sClass`, `fId`) VALUES (10181, 1, 3550, 'Ekonomi', 1017);
INSERT INTO `seat` (`sId`, `available`, `price`, `sClass`, `fId`) VALUES (10182, 1, 4050, 'Business', 1017);
INSERT INTO `seat` (`sId`, `available`, `price`, `sClass`, `fId`) VALUES (10183, 1, 3550, 'Ekonomi', 1017);
INSERT INTO `seat` (`sId`, `available`, `price`, `sClass`, `fId`) VALUES (10184, 1, 5050, 'Business', 1017);
INSERT INTO `seat` (`sId`, `available`, `price`, `sClass`, `fId`) VALUES (10185, 1, 3550, 'Ekonomi', 1017);
INSERT INTO `seat` (`sId`, `available`, `price`, `sClass`, `fId`) VALUES (10186, 1, 4050, 'Business', 1017);
INSERT INTO `seat` (`sId`, `available`, `price`, `sClass`, `fId`) VALUES (10187, 1, 3550, 'Ekonomi', 1017);
INSERT INTO `seat` (`sId`, `available`, `price`, `sClass`, `fId`) VALUES (10188, 1, 4050, 'Business', 1017);
INSERT INTO `seat` (`sId`, `available`, `price`, `sClass`, `fId`) VALUES (10189, 1, 3550, 'Ekonomi', 1017);
INSERT INTO `seat` (`sId`, `available`, `price`, `sClass`, `fId`) VALUES (10190, 1, 4050, 'Business', 1017);
INSERT INTO `seat` (`sId`, `available`, `price`, `sClass`, `fId`) VALUES (10191, 1, 4699, 'Ekonomi', 1018);
INSERT INTO `seat` (`sId`, `available`, `price`, `sClass`, `fId`) VALUES (10192, 1, 5150, 'Business', 1018);
INSERT INTO `seat` (`sId`, `available`, `price`, `sClass`, `fId`) VALUES (10193, 1, 4699, 'Ekonomi', 1018);
INSERT INTO `seat` (`sId`, `available`, `price`, `sClass`, `fId`) VALUES (10194, 1, 5550, 'Business', 1018);
INSERT INTO `seat` (`sId`, `available`, `price`, `sClass`, `fId`) VALUES (10195, 1, 4699, 'Ekonomi', 1018);
INSERT INTO `seat` (`sId`, `available`, `price`, `sClass`, `fId`) VALUES (10196, 1, 5150, 'Business', 1018);
INSERT INTO `seat` (`sId`, `available`, `price`, `sClass`, `fId`) VALUES (10197, 1, 4699, 'Ekonomi', 1018);
INSERT INTO `seat` (`sId`, `available`, `price`, `sClass`, `fId`) VALUES (10198, 1, 5150, 'Business', 1018);
INSERT INTO `seat` (`sId`, `available`, `price`, `sClass`, `fId`) VALUES (10199, 1, 4699, 'Ekonomi', 1018);
INSERT INTO `seat` (`sId`, `available`, `price`, `sClass`, `fId`) VALUES (10200, 1, 5150, 'Business', 1018);
INSERT INTO `seat` (`sId`, `available`, `price`, `sClass`, `fId`) VALUES (10201, 1, 2850, 'Ekonomi', 1019);
INSERT INTO `seat` (`sId`, `available`, `price`, `sClass`, `fId`) VALUES (10202, 1, 3150, 'Business', 1019);
INSERT INTO `seat` (`sId`, `available`, `price`, `sClass`, `fId`) VALUES (10203, 1, 2850, 'Ekonomi', 1019);
INSERT INTO `seat` (`sId`, `available`, `price`, `sClass`, `fId`) VALUES (10204, 1, 3150, 'Business', 1019);
INSERT INTO `seat` (`sId`, `available`, `price`, `sClass`, `fId`) VALUES (10205, 1, 2850, 'Ekonomi', 1019);
INSERT INTO `seat` (`sId`, `available`, `price`, `sClass`, `fId`) VALUES (10206, 1, 3150, 'Business', 1019);
INSERT INTO `seat` (`sId`, `available`, `price`, `sClass`, `fId`) VALUES (10207, 1, 2850, 'Ekonomi', 1019);
INSERT INTO `seat` (`sId`, `available`, `price`, `sClass`, `fId`) VALUES (10208, 1, 3150, 'Business', 1019);
INSERT INTO `seat` (`sId`, `available`, `price`, `sClass`, `fId`) VALUES (10209, 1, 2850, 'Ekonomi', 1019);
INSERT INTO `seat` (`sId`, `available`, `price`, `sClass`, `fId`) VALUES (10210, 1, 3150, 'Business', 1019);
INSERT INTO `seat` (`sId`, `available`, `price`, `sClass`, `fId`) VALUES (10211, 1, 3850, 'Ekonomi', 1020);
INSERT INTO `seat` (`sId`, `available`, `price`, `sClass`, `fId`) VALUES (10212, 1, 5150, 'Business', 1020);
INSERT INTO `seat` (`sId`, `available`, `price`, `sClass`, `fId`) VALUES (10213, 1, 4320, 'Ekonomi', 1020);
INSERT INTO `seat` (`sId`, `available`, `price`, `sClass`, `fId`) VALUES (10214, 1, 5599, 'Business', 1020);
INSERT INTO `seat` (`sId`, `available`, `price`, `sClass`, `fId`) VALUES (10215, 1, 4650, 'Ekonomi', 1020);
INSERT INTO `seat` (`sId`, `available`, `price`, `sClass`, `fId`) VALUES (10216, 1, 5050, 'Business', 1020);
INSERT INTO `seat` (`sId`, `available`, `price`, `sClass`, `fId`) VALUES (10217, 1, 4900, 'Ekonomi', 1020);
INSERT INTO `seat` (`sId`, `available`, `price`, `sClass`, `fId`) VALUES (10218, 1, 5350, 'Business', 1020);
INSERT INTO `seat` (`sId`, `available`, `price`, `sClass`, `fId`) VALUES (10219, 1, 4200, 'Ekonomi', 1020);
INSERT INTO `seat` (`sId`, `available`, `price`, `sClass`, `fId`) VALUES (10220, 1, 5075, 'Business', 1020);
INSERT INTO `seat` (`sId`, `available`, `price`, `sClass`, `fId`) VALUES (10221, 1, 3850, 'Ekonomi', 1021);
INSERT INTO `seat` (`sId`, `available`, `price`, `sClass`, `fId`) VALUES (10222, 1, 5150, 'Business', 1021);
INSERT INTO `seat` (`sId`, `available`, `price`, `sClass`, `fId`) VALUES (10223, 1, 4320, 'Ekonomi', 1021);
INSERT INTO `seat` (`sId`, `available`, `price`, `sClass`, `fId`) VALUES (10224, 1, 5599, 'Business', 1021);
INSERT INTO `seat` (`sId`, `available`, `price`, `sClass`, `fId`) VALUES (10225, 1, 4650, 'Ekonomi', 1021);
INSERT INTO `seat` (`sId`, `available`, `price`, `sClass`, `fId`) VALUES (10226, 1, 5050, 'Business', 1021);
INSERT INTO `seat` (`sId`, `available`, `price`, `sClass`, `fId`) VALUES (10227, 1, 4900, 'Ekonomi', 1021);
INSERT INTO `seat` (`sId`, `available`, `price`, `sClass`, `fId`) VALUES (10228, 1, 5350, 'Business', 1021);
INSERT INTO `seat` (`sId`, `available`, `price`, `sClass`, `fId`) VALUES (10229, 1, 4200, 'Ekonomi', 1021);
INSERT INTO `seat` (`sId`, `available`, `price`, `sClass`, `fId`) VALUES (10230, 1, 5075, 'Business', 1021);
INSERT INTO `seat` (`sId`, `available`, `price`, `sClass`, `fId`) VALUES (10231, 1, 4800, 'Ekonomi', 1022);
INSERT INTO `seat` (`sId`, `available`, `price`, `sClass`, `fId`) VALUES (10232, 1, 5150, 'Business', 1022);
INSERT INTO `seat` (`sId`, `available`, `price`, `sClass`, `fId`) VALUES (10233, 1, 4320, 'Ekonomi', 1022);
INSERT INTO `seat` (`sId`, `available`, `price`, `sClass`, `fId`) VALUES (10234, 1, 5599, 'Business', 1022);
INSERT INTO `seat` (`sId`, `available`, `price`, `sClass`, `fId`) VALUES (10235, 1, 4650, 'Ekonomi', 1022);
INSERT INTO `seat` (`sId`, `available`, `price`, `sClass`, `fId`) VALUES (10236, 1, 5050, 'Business', 1022);
INSERT INTO `seat` (`sId`, `available`, `price`, `sClass`, `fId`) VALUES (10237, 1, 4900, 'Ekonomi', 1022);
INSERT INTO `seat` (`sId`, `available`, `price`, `sClass`, `fId`) VALUES (10238, 1, 5350, 'Business', 1022);
INSERT INTO `seat` (`sId`, `available`, `price`, `sClass`, `fId`) VALUES (10239, 1, 4200, 'Ekonomi', 1022);
INSERT INTO `seat` (`sId`, `available`, `price`, `sClass`, `fId`) VALUES (10240, 1, 5075, 'Business', 1022);
INSERT INTO `seat` (`sId`, `available`, `price`, `sClass`, `fId`) VALUES (10241, 1, 4800, 'Ekonomi', 1023);
INSERT INTO `seat` (`sId`, `available`, `price`, `sClass`, `fId`) VALUES (10242, 1, 5150, 'Business', 1023);
INSERT INTO `seat` (`sId`, `available`, `price`, `sClass`, `fId`) VALUES (10243, 1, 4320, 'Ekonomi', 1023);
INSERT INTO `seat` (`sId`, `available`, `price`, `sClass`, `fId`) VALUES (10244, 1, 5599, 'Business', 1023);
INSERT INTO `seat` (`sId`, `available`, `price`, `sClass`, `fId`) VALUES (10245, 1, 4650, 'Ekonomi', 1023);
INSERT INTO `seat` (`sId`, `available`, `price`, `sClass`, `fId`) VALUES (10246, 1, 5050, 'Business', 1023);
INSERT INTO `seat` (`sId`, `available`, `price`, `sClass`, `fId`) VALUES (10247, 1, 4900, 'Ekonomi', 1023);
INSERT INTO `seat` (`sId`, `available`, `price`, `sClass`, `fId`) VALUES (10248, 1, 5350, 'Business', 1023);
INSERT INTO `seat` (`sId`, `available`, `price`, `sClass`, `fId`) VALUES (10249, 1, 4200, 'Ekonomi', 1023);
INSERT INTO `seat` (`sId`, `available`, `price`, `sClass`, `fId`) VALUES (10250, 1, 5075, 'Business', 1023);
INSERT INTO `seat` (`sId`, `available`, `price`, `sClass`, `fId`) VALUES (10251, 1, 3850, 'Ekonomi', 1024);
INSERT INTO `seat` (`sId`, `available`, `price`, `sClass`, `fId`) VALUES (10252, 1, 5150, 'Business', 1024);
INSERT INTO `seat` (`sId`, `available`, `price`, `sClass`, `fId`) VALUES (10253, 1, 4320, 'Ekonomi', 1024);
INSERT INTO `seat` (`sId`, `available`, `price`, `sClass`, `fId`) VALUES (10254, 1, 5599, 'Business', 1024);
INSERT INTO `seat` (`sId`, `available`, `price`, `sClass`, `fId`) VALUES (10255, 1, 4650, 'Ekonomi', 1024);
INSERT INTO `seat` (`sId`, `available`, `price`, `sClass`, `fId`) VALUES (10256, 1, 5050, 'Business', 1024);
INSERT INTO `seat` (`sId`, `available`, `price`, `sClass`, `fId`) VALUES (10257, 1, 4900, 'Ekonomi', 1024);
INSERT INTO `seat` (`sId`, `available`, `price`, `sClass`, `fId`) VALUES (10258, 1, 5350, 'Business', 1024);
INSERT INTO `seat` (`sId`, `available`, `price`, `sClass`, `fId`) VALUES (10259, 1, 4200, 'Ekonomi', 1024);
INSERT INTO `seat` (`sId`, `available`, `price`, `sClass`, `fId`) VALUES (10260, 1, 5075, 'Business', 1024);
INSERT INTO `seat` (`sId`, `available`, `price`, `sClass`, `fId`) VALUES (10261, 1, 3850, 'Ekonomi', 1025);
INSERT INTO `seat` (`sId`, `available`, `price`, `sClass`, `fId`) VALUES (10262, 1, 5150, 'Business', 1025);
INSERT INTO `seat` (`sId`, `available`, `price`, `sClass`, `fId`) VALUES (10263, 1, 4320, 'Ekonomi', 1025);
INSERT INTO `seat` (`sId`, `available`, `price`, `sClass`, `fId`) VALUES (10264, 1, 5599, 'Business', 1025);
INSERT INTO `seat` (`sId`, `available`, `price`, `sClass`, `fId`) VALUES (10265, 1, 4650, 'Ekonomi', 1025);
INSERT INTO `seat` (`sId`, `available`, `price`, `sClass`, `fId`) VALUES (10266, 1, 5050, 'Business', 1025);
INSERT INTO `seat` (`sId`, `available`, `price`, `sClass`, `fId`) VALUES (10267, 1, 4900, 'Ekonomi', 1025);
INSERT INTO `seat` (`sId`, `available`, `price`, `sClass`, `fId`) VALUES (10268, 1, 5350, 'Business', 1025);
INSERT INTO `seat` (`sId`, `available`, `price`, `sClass`, `fId`) VALUES (10269, 1, 4200, 'Ekonomi', 1025);
INSERT INTO `seat` (`sId`, `available`, `price`, `sClass`, `fId`) VALUES (10270, 1, 5075, 'Business', 1025);
INSERT INTO `seat` (`sId`, `available`, `price`, `sClass`, `fId`) VALUES (10271, 1, 3850, 'Ekonomi', 1026);
INSERT INTO `seat` (`sId`, `available`, `price`, `sClass`, `fId`) VALUES (10272, 1, 5150, 'Business', 1026);
INSERT INTO `seat` (`sId`, `available`, `price`, `sClass`, `fId`) VALUES (10273, 1, 4320, 'Ekonomi', 1026);
INSERT INTO `seat` (`sId`, `available`, `price`, `sClass`, `fId`) VALUES (10274, 1, 5599, 'Business', 1026);
INSERT INTO `seat` (`sId`, `available`, `price`, `sClass`, `fId`) VALUES (10275, 1, 4650, 'Ekonomi', 1026);
INSERT INTO `seat` (`sId`, `available`, `price`, `sClass`, `fId`) VALUES (10276, 1, 5050, 'Business', 1026);
INSERT INTO `seat` (`sId`, `available`, `price`, `sClass`, `fId`) VALUES (10277, 1, 4900, 'Ekonomi', 1026);
INSERT INTO `seat` (`sId`, `available`, `price`, `sClass`, `fId`) VALUES (10278, 1, 5350, 'Business', 1026);
INSERT INTO `seat` (`sId`, `available`, `price`, `sClass`, `fId`) VALUES (10279, 1, 4200, 'Ekonomi', 1026);
INSERT INTO `seat` (`sId`, `available`, `price`, `sClass`, `fId`) VALUES (10280, 1, 5075, 'Business', 1026);
INSERT INTO `seat` (`sId`, `available`, `price`, `sClass`, `fId`) VALUES (10281, 1, 3850, 'Ekonomi', 1027);
INSERT INTO `seat` (`sId`, `available`, `price`, `sClass`, `fId`) VALUES (10282, 1, 5150, 'Business', 1027);
INSERT INTO `seat` (`sId`, `available`, `price`, `sClass`, `fId`) VALUES (10283, 1, 4320, 'Ekonomi', 1027);
INSERT INTO `seat` (`sId`, `available`, `price`, `sClass`, `fId`) VALUES (10284, 1, 5599, 'Business', 1027);
INSERT INTO `seat` (`sId`, `available`, `price`, `sClass`, `fId`) VALUES (10285, 1, 4650, 'Ekonomi', 1027);
INSERT INTO `seat` (`sId`, `available`, `price`, `sClass`, `fId`) VALUES (10286, 1, 5050, 'Business', 1027);
INSERT INTO `seat` (`sId`, `available`, `price`, `sClass`, `fId`) VALUES (10287, 1, 4900, 'Ekonomi', 1027);
INSERT INTO `seat` (`sId`, `available`, `price`, `sClass`, `fId`) VALUES (10288, 1, 5350, 'Business', 1027);
INSERT INTO `seat` (`sId`, `available`, `price`, `sClass`, `fId`) VALUES (10289, 1, 4200, 'Ekonomi', 1027);
INSERT INTO `seat` (`sId`, `available`, `price`, `sClass`, `fId`) VALUES (10290, 1, 5075, 'Business', 1027);
INSERT INTO `seat` (`sId`, `available`, `price`, `sClass`, `fId`) VALUES (10291, 1, 3850, 'Ekonomi', 1028);
INSERT INTO `seat` (`sId`, `available`, `price`, `sClass`, `fId`) VALUES (10292, 1, 5150, 'Business', 1028);
INSERT INTO `seat` (`sId`, `available`, `price`, `sClass`, `fId`) VALUES (10293, 1, 4320, 'Ekonomi', 1028);
INSERT INTO `seat` (`sId`, `available`, `price`, `sClass`, `fId`) VALUES (10294, 1, 5599, 'Business', 1028);
INSERT INTO `seat` (`sId`, `available`, `price`, `sClass`, `fId`) VALUES (10295, 1, 4650, 'Ekonomi', 1028);
INSERT INTO `seat` (`sId`, `available`, `price`, `sClass`, `fId`) VALUES (10296, 1, 5050, 'Business', 1028);
INSERT INTO `seat` (`sId`, `available`, `price`, `sClass`, `fId`) VALUES (10297, 1, 4900, 'Ekonomi', 1028);
INSERT INTO `seat` (`sId`, `available`, `price`, `sClass`, `fId`) VALUES (10298, 1, 5350, 'Business', 1028);
INSERT INTO `seat` (`sId`, `available`, `price`, `sClass`, `fId`) VALUES (10299, 1, 4200, 'Ekonomi', 1028);
INSERT INTO `seat` (`sId`, `available`, `price`, `sClass`, `fId`) VALUES (10300, 1, 5075, 'Business', 1028);
INSERT INTO `seat` (`sId`, `available`, `price`, `sClass`, `fId`) VALUES (10301, 1, 3850, 'Ekonomi', 1029);
INSERT INTO `seat` (`sId`, `available`, `price`, `sClass`, `fId`) VALUES (10302, 1, 5150, 'Business', 1029);
INSERT INTO `seat` (`sId`, `available`, `price`, `sClass`, `fId`) VALUES (10303, 1, 4320, 'Ekonomi', 1029);
INSERT INTO `seat` (`sId`, `available`, `price`, `sClass`, `fId`) VALUES (10304, 1, 5599, 'Business', 1029);
INSERT INTO `seat` (`sId`, `available`, `price`, `sClass`, `fId`) VALUES (10305, 1, 4650, 'Ekonomi', 1029);
INSERT INTO `seat` (`sId`, `available`, `price`, `sClass`, `fId`) VALUES (10306, 1, 5050, 'Business', 1029);
INSERT INTO `seat` (`sId`, `available`, `price`, `sClass`, `fId`) VALUES (10307, 1, 4900, 'Ekonomi', 1029);
INSERT INTO `seat` (`sId`, `available`, `price`, `sClass`, `fId`) VALUES (10308, 1, 5350, 'Business', 1029);
INSERT INTO `seat` (`sId`, `available`, `price`, `sClass`, `fId`) VALUES (10309, 1, 4200, 'Ekonomi', 1029);
INSERT INTO `seat` (`sId`, `available`, `price`, `sClass`, `fId`) VALUES (10310, 1, 5075, 'Business', 1029);
INSERT INTO `seat` (`sId`, `available`, `price`, `sClass`, `fId`) VALUES (10311, 1, 3850, 'Ekonomi', 1030);
INSERT INTO `seat` (`sId`, `available`, `price`, `sClass`, `fId`) VALUES (10312, 1, 5150, 'Business', 1030);
INSERT INTO `seat` (`sId`, `available`, `price`, `sClass`, `fId`) VALUES (10313, 1, 4320, 'Ekonomi', 1030);
INSERT INTO `seat` (`sId`, `available`, `price`, `sClass`, `fId`) VALUES (10314, 1, 5599, 'Business', 1030);
INSERT INTO `seat` (`sId`, `available`, `price`, `sClass`, `fId`) VALUES (10315, 1, 4650, 'Ekonomi', 1030);
INSERT INTO `seat` (`sId`, `available`, `price`, `sClass`, `fId`) VALUES (10316, 1, 5050, 'Business', 1030);
INSERT INTO `seat` (`sId`, `available`, `price`, `sClass`, `fId`) VALUES (10317, 1, 4900, 'Ekonomi', 1030);
INSERT INTO `seat` (`sId`, `available`, `price`, `sClass`, `fId`) VALUES (10318, 1, 5350, 'Business', 1030);
INSERT INTO `seat` (`sId`, `available`, `price`, `sClass`, `fId`) VALUES (10319, 1, 4200, 'Ekonomi', 1030);
INSERT INTO `seat` (`sId`, `available`, `price`, `sClass`, `fId`) VALUES (10320, 1, 5075, 'Business', 1030);
INSERT INTO `seat` (`sId`, `available`, `price`, `sClass`, `fId`) VALUES (10321, 1, 3850, 'Ekonomi', 1031);
INSERT INTO `seat` (`sId`, `available`, `price`, `sClass`, `fId`) VALUES (10322, 1, 5150, 'Business', 1031);
INSERT INTO `seat` (`sId`, `available`, `price`, `sClass`, `fId`) VALUES (10323, 1, 4320, 'Ekonomi', 1031);
INSERT INTO `seat` (`sId`, `available`, `price`, `sClass`, `fId`) VALUES (10324, 1, 5599, 'Business', 1031);
INSERT INTO `seat` (`sId`, `available`, `price`, `sClass`, `fId`) VALUES (10325, 1, 4650, 'Ekonomi', 1031);
INSERT INTO `seat` (`sId`, `available`, `price`, `sClass`, `fId`) VALUES (10326, 1, 5050, 'Business', 1031);
INSERT INTO `seat` (`sId`, `available`, `price`, `sClass`, `fId`) VALUES (10327, 1, 4900, 'Ekonomi', 1031);
INSERT INTO `seat` (`sId`, `available`, `price`, `sClass`, `fId`) VALUES (10328, 1, 5350, 'Business', 1031);
INSERT INTO `seat` (`sId`, `available`, `price`, `sClass`, `fId`) VALUES (10329, 1, 4200, 'Ekonomi', 1031);
INSERT INTO `seat` (`sId`, `available`, `price`, `sClass`, `fId`) VALUES (10330, 1, 5075, 'Business', 1031);
INSERT INTO `seat` (`sId`, `available`, `price`, `sClass`, `fId`) VALUES (10331, 1, 4800, 'Ekonomi', 1032);
INSERT INTO `seat` (`sId`, `available`, `price`, `sClass`, `fId`) VALUES (10332, 1, 5150, 'Business', 1032);
INSERT INTO `seat` (`sId`, `available`, `price`, `sClass`, `fId`) VALUES (10333, 1, 4320, 'Ekonomi', 1032);
INSERT INTO `seat` (`sId`, `available`, `price`, `sClass`, `fId`) VALUES (10334, 1, 5599, 'Business', 1032);
INSERT INTO `seat` (`sId`, `available`, `price`, `sClass`, `fId`) VALUES (10335, 1, 4650, 'Ekonomi', 1032);
INSERT INTO `seat` (`sId`, `available`, `price`, `sClass`, `fId`) VALUES (10336, 1, 5050, 'Business', 1032);
INSERT INTO `seat` (`sId`, `available`, `price`, `sClass`, `fId`) VALUES (10337, 1, 4900, 'Ekonomi', 1032);
INSERT INTO `seat` (`sId`, `available`, `price`, `sClass`, `fId`) VALUES (10338, 1, 5350, 'Business', 1032);
INSERT INTO `seat` (`sId`, `available`, `price`, `sClass`, `fId`) VALUES (10339, 1, 4200, 'Ekonomi', 1032);
INSERT INTO `seat` (`sId`, `available`, `price`, `sClass`, `fId`) VALUES (10340, 1, 5075, 'Business', 1032);
INSERT INTO `seat` (`sId`, `available`, `price`, `sClass`, `fId`) VALUES (10341, 1, 4800, 'Ekonomi', 1033);
INSERT INTO `seat` (`sId`, `available`, `price`, `sClass`, `fId`) VALUES (10342, 1, 5150, 'Business', 1033);
INSERT INTO `seat` (`sId`, `available`, `price`, `sClass`, `fId`) VALUES (10343, 1, 4320, 'Ekonomi', 1033);
INSERT INTO `seat` (`sId`, `available`, `price`, `sClass`, `fId`) VALUES (10344, 1, 5599, 'Business', 1033);
INSERT INTO `seat` (`sId`, `available`, `price`, `sClass`, `fId`) VALUES (10345, 1, 4650, 'Ekonomi', 1033);
INSERT INTO `seat` (`sId`, `available`, `price`, `sClass`, `fId`) VALUES (10346, 1, 5050, 'Business', 1033);
INSERT INTO `seat` (`sId`, `available`, `price`, `sClass`, `fId`) VALUES (10347, 1, 4900, 'Ekonomi', 1033);
INSERT INTO `seat` (`sId`, `available`, `price`, `sClass`, `fId`) VALUES (10348, 1, 5350, 'Business', 1033);
INSERT INTO `seat` (`sId`, `available`, `price`, `sClass`, `fId`) VALUES (10349, 1, 4200, 'Ekonomi', 1033);
INSERT INTO `seat` (`sId`, `available`, `price`, `sClass`, `fId`) VALUES (10350, 1, 5075, 'Business', 1033);
INSERT INTO `seat` (`sId`, `available`, `price`, `sClass`, `fId`) VALUES (10351, 1, 3850, 'Ekonomi', 1034);
INSERT INTO `seat` (`sId`, `available`, `price`, `sClass`, `fId`) VALUES (10352, 1, 5150, 'Business', 1034);
INSERT INTO `seat` (`sId`, `available`, `price`, `sClass`, `fId`) VALUES (10353, 1, 4320, 'Ekonomi', 1034);
INSERT INTO `seat` (`sId`, `available`, `price`, `sClass`, `fId`) VALUES (10354, 1, 5599, 'Business', 1034);
INSERT INTO `seat` (`sId`, `available`, `price`, `sClass`, `fId`) VALUES (10355, 1, 4650, 'Ekonomi', 1034);
INSERT INTO `seat` (`sId`, `available`, `price`, `sClass`, `fId`) VALUES (10356, 1, 5050, 'Business', 1034);
INSERT INTO `seat` (`sId`, `available`, `price`, `sClass`, `fId`) VALUES (10357, 1, 4900, 'Ekonomi', 1034);
INSERT INTO `seat` (`sId`, `available`, `price`, `sClass`, `fId`) VALUES (10358, 1, 5350, 'Business', 1034);
INSERT INTO `seat` (`sId`, `available`, `price`, `sClass`, `fId`) VALUES (10359, 1, 4200, 'Ekonomi', 1034);
INSERT INTO `seat` (`sId`, `available`, `price`, `sClass`, `fId`) VALUES (10360, 1, 5075, 'Business', 1034);
INSERT INTO `seat` (`sId`, `available`, `price`, `sClass`, `fId`) VALUES (10361, 1, 3850, 'Ekonomi', 1035);
INSERT INTO `seat` (`sId`, `available`, `price`, `sClass`, `fId`) VALUES (10362, 1, 5150, 'Business', 1035);
INSERT INTO `seat` (`sId`, `available`, `price`, `sClass`, `fId`) VALUES (10363, 1, 4320, 'Ekonomi', 1035);
INSERT INTO `seat` (`sId`, `available`, `price`, `sClass`, `fId`) VALUES (10364, 1, 5599, 'Business', 1035);
INSERT INTO `seat` (`sId`, `available`, `price`, `sClass`, `fId`) VALUES (10365, 1, 4650, 'Ekonomi', 1035);
INSERT INTO `seat` (`sId`, `available`, `price`, `sClass`, `fId`) VALUES (10366, 1, 5050, 'Business', 1035);
INSERT INTO `seat` (`sId`, `available`, `price`, `sClass`, `fId`) VALUES (10367, 1, 4900, 'Ekonomi', 1035);
INSERT INTO `seat` (`sId`, `available`, `price`, `sClass`, `fId`) VALUES (10368, 1, 5350, 'Business', 1035);
INSERT INTO `seat` (`sId`, `available`, `price`, `sClass`, `fId`) VALUES (10369, 1, 4200, 'Ekonomi', 1035);
INSERT INTO `seat` (`sId`, `available`, `price`, `sClass`, `fId`) VALUES (10370, 1, 5075, 'Business', 1035);
INSERT INTO `seat` (`sId`, `available`, `price`, `sClass`, `fId`) VALUES (10371, 1, 3850, 'Ekonomi', 1036);
INSERT INTO `seat` (`sId`, `available`, `price`, `sClass`, `fId`) VALUES (10372, 1, 5150, 'Business', 1036);
INSERT INTO `seat` (`sId`, `available`, `price`, `sClass`, `fId`) VALUES (10373, 1, 4320, 'Ekonomi', 1036);
INSERT INTO `seat` (`sId`, `available`, `price`, `sClass`, `fId`) VALUES (10374, 1, 5599, 'Business', 1036);
INSERT INTO `seat` (`sId`, `available`, `price`, `sClass`, `fId`) VALUES (10375, 1, 4650, 'Ekonomi', 1036);
INSERT INTO `seat` (`sId`, `available`, `price`, `sClass`, `fId`) VALUES (10376, 1, 5050, 'Business', 1036);
INSERT INTO `seat` (`sId`, `available`, `price`, `sClass`, `fId`) VALUES (10377, 1, 4900, 'Ekonomi', 1036);
INSERT INTO `seat` (`sId`, `available`, `price`, `sClass`, `fId`) VALUES (10378, 1, 5350, 'Business', 1036);
INSERT INTO `seat` (`sId`, `available`, `price`, `sClass`, `fId`) VALUES (10379, 1, 4200, 'Ekonomi', 1036);
INSERT INTO `seat` (`sId`, `available`, `price`, `sClass`, `fId`) VALUES (10380, 1, 5075, 'Business', 1036);
INSERT INTO `seat` (`sId`, `available`, `price`, `sClass`, `fId`) VALUES (10381, 1, 3850, 'Ekonomi', 1037);
INSERT INTO `seat` (`sId`, `available`, `price`, `sClass`, `fId`) VALUES (10382, 1, 5150, 'Business', 1037);
INSERT INTO `seat` (`sId`, `available`, `price`, `sClass`, `fId`) VALUES (10383, 1, 4320, 'Ekonomi', 1037);
INSERT INTO `seat` (`sId`, `available`, `price`, `sClass`, `fId`) VALUES (10384, 1, 5599, 'Business', 1037);
INSERT INTO `seat` (`sId`, `available`, `price`, `sClass`, `fId`) VALUES (10385, 1, 4650, 'Ekonomi', 1037);
INSERT INTO `seat` (`sId`, `available`, `price`, `sClass`, `fId`) VALUES (10386, 1, 5050, 'Business', 1037);
INSERT INTO `seat` (`sId`, `available`, `price`, `sClass`, `fId`) VALUES (10387, 1, 4900, 'Ekonomi', 1037);
INSERT INTO `seat` (`sId`, `available`, `price`, `sClass`, `fId`) VALUES (10388, 1, 5350, 'Business', 1037);
INSERT INTO `seat` (`sId`, `available`, `price`, `sClass`, `fId`) VALUES (10389, 1, 4200, 'Ekonomi', 1037);
INSERT INTO `seat` (`sId`, `available`, `price`, `sClass`, `fId`) VALUES (10400, 1, 5075, 'Business', 1037);
INSERT INTO `seat` (`sId`, `available`, `price`, `sClass`, `fId`) VALUES (10401, 1, 3850, 'Ekonomi', 1038);
INSERT INTO `seat` (`sId`, `available`, `price`, `sClass`, `fId`) VALUES (10402, 1, 5150, 'Business', 1038);
INSERT INTO `seat` (`sId`, `available`, `price`, `sClass`, `fId`) VALUES (10403, 1, 4320, 'Ekonomi', 1038);
INSERT INTO `seat` (`sId`, `available`, `price`, `sClass`, `fId`) VALUES (10404, 1, 5599, 'Business', 1038);
INSERT INTO `seat` (`sId`, `available`, `price`, `sClass`, `fId`) VALUES (10405, 1, 4650, 'Ekonomi', 1038);
INSERT INTO `seat` (`sId`, `available`, `price`, `sClass`, `fId`) VALUES (10406, 1, 5050, 'Business', 1038);
INSERT INTO `seat` (`sId`, `available`, `price`, `sClass`, `fId`) VALUES (10407, 1, 4900, 'Ekonomi', 1038);
INSERT INTO `seat` (`sId`, `available`, `price`, `sClass`, `fId`) VALUES (10408, 1, 5350, 'Business', 1038);
INSERT INTO `seat` (`sId`, `available`, `price`, `sClass`, `fId`) VALUES (10409, 1, 4200, 'Ekonomi', 1038);
INSERT INTO `seat` (`sId`, `available`, `price`, `sClass`, `fId`) VALUES (10410, 1, 5075, 'Business', 1038);
INSERT INTO `seat` (`sId`, `available`, `price`, `sClass`, `fId`) VALUES (10411, 1, 3850, 'Ekonomi', 1039);
INSERT INTO `seat` (`sId`, `available`, `price`, `sClass`, `fId`) VALUES (10412, 1, 5150, 'Business', 1039);
INSERT INTO `seat` (`sId`, `available`, `price`, `sClass`, `fId`) VALUES (10413, 1, 4320, 'Ekonomi', 1039);
INSERT INTO `seat` (`sId`, `available`, `price`, `sClass`, `fId`) VALUES (10414, 1, 5599, 'Business', 1039);
INSERT INTO `seat` (`sId`, `available`, `price`, `sClass`, `fId`) VALUES (10415, 1, 4650, 'Ekonomi', 1039);
INSERT INTO `seat` (`sId`, `available`, `price`, `sClass`, `fId`) VALUES (10416, 1, 5050, 'Business', 1039);
INSERT INTO `seat` (`sId`, `available`, `price`, `sClass`, `fId`) VALUES (10417, 1, 4900, 'Ekonomi', 1039);
INSERT INTO `seat` (`sId`, `available`, `price`, `sClass`, `fId`) VALUES (10418, 1, 5350, 'Business', 1039);
INSERT INTO `seat` (`sId`, `available`, `price`, `sClass`, `fId`) VALUES (10419, 1, 4200, 'Ekonomi', 1039);
INSERT INTO `seat` (`sId`, `available`, `price`, `sClass`, `fId`) VALUES (10420, 1, 5075, 'Business', 1039);
INSERT INTO `seat` (`sId`, `available`, `price`, `sClass`, `fId`) VALUES (10421, 1, 3850, 'Ekonomi', 1040);
INSERT INTO `seat` (`sId`, `available`, `price`, `sClass`, `fId`) VALUES (10422, 1, 5150, 'Business', 1040);
INSERT INTO `seat` (`sId`, `available`, `price`, `sClass`, `fId`) VALUES (10423, 1, 4320, 'Ekonomi', 1040);
INSERT INTO `seat` (`sId`, `available`, `price`, `sClass`, `fId`) VALUES (10424, 1, 5599, 'Business', 1040);
INSERT INTO `seat` (`sId`, `available`, `price`, `sClass`, `fId`) VALUES (10425, 1, 4650, 'Ekonomi', 1040);
INSERT INTO `seat` (`sId`, `available`, `price`, `sClass`, `fId`) VALUES (10426, 1, 5050, 'Business', 1040);
INSERT INTO `seat` (`sId`, `available`, `price`, `sClass`, `fId`) VALUES (10427, 1, 4900, 'Ekonomi', 1040);
INSERT INTO `seat` (`sId`, `available`, `price`, `sClass`, `fId`) VALUES (10428, 1, 5350, 'Business', 1040);
INSERT INTO `seat` (`sId`, `available`, `price`, `sClass`, `fId`) VALUES (10429, 1, 4200, 'Ekonomi', 1040);
INSERT INTO `seat` (`sId`, `available`, `price`, `sClass`, `fId`) VALUES (10430, 1, 5075, 'Business', 1040);

INSERT INTO `seat` (`sId`, `available`, `price`, `sClass`, `fId`) VALUES (10431, 1, 3850, 'Ekonomi', 1001);
INSERT INTO `seat` (`sId`, `available`, `price`, `sClass`, `fId`) VALUES (10432, 1, 4450, 'Business', 1001);
INSERT INTO `seat` (`sId`, `available`, `price`, `sClass`, `fId`) VALUES (10433, 1, 3850, 'Ekonomi', 1001);
INSERT INTO `seat` (`sId`, `available`, `price`, `sClass`, `fId`) VALUES (10434, 1, 4450, 'Business', 1001);
INSERT INTO `seat` (`sId`, `available`, `price`, `sClass`, `fId`) VALUES (10435, 1, 3850, 'Ekonomi', 1001);
INSERT INTO `seat` (`sId`, `available`, `price`, `sClass`, `fId`) VALUES (10436, 1, 4450, 'Business', 1001);
INSERT INTO `seat` (`sId`, `available`, `price`, `sClass`, `fId`) VALUES (10437, 1, 3850, 'Ekonomi', 1001);
INSERT INTO `seat` (`sId`, `available`, `price`, `sClass`, `fId`) VALUES (10438, 1, 4450, 'Business', 1001);
INSERT INTO `seat` (`sId`, `available`, `price`, `sClass`, `fId`) VALUES (10439, 1, 3850, 'Ekonomi', 1001);
INSERT INTO `seat` (`sId`, `available`, `price`, `sClass`, `fId`) VALUES (10440, 1, 4450, 'Business', 1001);

INSERT INTO `seat` (`sId`, `available`, `price`, `sClass`, `fId`) VALUES (10441, 1, 3850, 'Ekonomi', 1003);
INSERT INTO `seat` (`sId`, `available`, `price`, `sClass`, `fId`) VALUES (10442, 1, 4450, 'Business', 1003);
INSERT INTO `seat` (`sId`, `available`, `price`, `sClass`, `fId`) VALUES (10443, 1, 3850, 'Ekonomi', 1005);
INSERT INTO `seat` (`sId`, `available`, `price`, `sClass`, `fId`) VALUES (10444, 1, 4450, 'Business', 1005);
INSERT INTO `seat` (`sId`, `available`, `price`, `sClass`, `fId`) VALUES (10445, 1, 3850, 'Ekonomi', 1005);
# INSERT INTO `seat` (`sId`, `available`, `price`, `sClass`, `fId`) VALUES (10446, 1, 4450, 'Business', 1005);
INSERT INTO `seat` (`sId`, `available`, `price`, `sClass`, `fId`) VALUES (10447, 1, 4500, 'Ekonomi', 1008);
INSERT INTO `seat` (`sId`, `available`, `price`, `sClass`, `fId`) VALUES (10448, 1, 5050, 'Business', 1008);
INSERT INTO `seat` (`sId`, `available`, `price`, `sClass`, `fId`) VALUES (10449, 1, 4500, 'Ekonomi', 1008);
INSERT INTO `seat` (`sId`, `available`, `price`, `sClass`, `fId`) VALUES (10450, 1, 5050, 'Business', 1008);
INSERT INTO `seat` (`sId`, `available`, `price`, `sClass`, `fId`) VALUES (10451, 1, 4299, 'Ekonomi', 1010);
INSERT INTO `seat` (`sId`, `available`, `price`, `sClass`, `fId`) VALUES (10452, 1, 4750, 'Business', 1010);
